site,b_r,bag,number,outplant_time,tin_mass,wet_mass,shell_length,dry_whole,dry_tissue
A,b,1,1,31.57142857,2.4455,13.7823,46.56,8.947,2.8621
A,b,1,2,31.57142857,2.4789,26.2983,55.96,18.2338,3.5627
A,b,1,3,31.57142857,2.5028,13.985,51.57,9.5248,2.9062
A,b,1,4,31.57142857,2.4583,15.0247,50.99,10.0157,2.8492
A,b,1,5,31.57142857,2.5165,16.3414,56.46,10.0049,2.8021
A,b,1,6,31.57142857,2.4903,19.007,60.99,12.4968,2.889
A,b,1,7,31.57142857,2.5138,9.0416,47.52,6.9305,2.7521
A,b,1,8,31.57142857,2.5398,6.5376,36.45,4.9336,2.5678
A,b,1,9,31.57142857,2.4903,19.3907,67.74,11.2037,3.0661
A,b,1,10,31.57142857,2.464,22.1988,58.23,15.3818,3.0504
A,b,2,1,31.57142857,2.4502,11.7973,61.77,8.3559,2.8133
A,b,2,2,31.57142857,2.4362,22.7665,70.49,15.2566,3.2832
A,b,2,3,31.57142857,2.4717,8.9352,42.67,6.3138,2.598
A,b,2,4,31.57142857,2.447,10.8125,37.19,7.5437,2.6602
A,b,2,5,31.57142857,2.4665,6.9191,38.47,5.0773,2.5482
A,b,2,6,31.57142857,2.5094,14.3871,55.69,9.2642,2.8508
A,b,2,7,31.57142857,2.5101,27.4241,66.73,15.0476,3.0253
A,b,2,8,31.57142857,2.5162,34.2028,61.92,19.7405,3.4305
A,b,2,9,31.57142857,2.5087,16.8617,60.95,10.786,2.8437
A,b,2,10,31.57142857,2.5013,20.0241,64.43,12.5431,3.0125
A,b,3,1,31.57142857,2.4771,6.7263,35.25,5.1504,2.558
A,b,3,2,31.57142857,2.4807,7.9259,38.95,5.7242,2.6104
A,b,3,3,31.57142857,2.4718,6.6412,40.01,5.0263,2.5622
A,b,3,4,31.57142857,2.5033,5.4792,34.89,4.2021,2.5745
A,b,3,5,31.57142857,2.4648,7.9704,32.47,5.9154,2.5868
A,b,3,6,31.57142857,2.4848,12.0972,42.04,8.1669,2.7584
A,b,3,7,31.57142857,2.4836,9.2612,37.7,6.5866,2.6824
A,b,3,8,31.57142857,2.5231,10.5057,43.68,8.2223,2.7961
A,b,3,9,31.57142857,2.5022,21.5866,52.57,13.576,3.148
A,b,3,10,31.57142857,2.4987,13.8491,45.07,8.792,2.8112
A,b,4,1,31.57142857,2.4985,8.0234,49.22,5.5751,2.6188
A,b,4,2,31.57142857,2.4316,13.3889,57.71,8.3387,2.5857
A,b,4,3,31.57142857,2.4661,6.748,37.36,5.2901,2.5526
A,b,4,4,31.57142857,2.4921,24.4433,73.52,16.2128,3.1832
A,b,4,5,31.57142857,2.4553,25.7693,63.44,14.9257,2.9757
A,b,4,6,31.57142857,2.4724,6.0703,37.84,4.5521,2.642
A,b,4,7,31.57142857,2.4843,20.5779,65.52,12.5848,3.0264
A,b,4,8,31.57142857,2.4715,13.8694,52.64,9.0393,2.7319
A,b,4,9,31.57142857,2.5102,10.0122,50.19,7.4789,2.7141
A,b,4,10,31.57142857,2.5563,24.1709,67.79,17.4267,3.3081
A,b,5,1,31.57142857,2.4438,12.5209,55.1,8.0538,2.8588
A,b,5,2,31.57142857,2.4554,26.6351,62.99,16.8099,3.3704
A,b,5,3,31.57142857,2.4707,21.906,61.39,13.1847,3.0082
A,b,5,4,31.57142857,2.4782,19.915,72,11.5873,2.8913
A,b,5,5,31.57142857,2.5028,15.4187,64.23,9.9483,2.9558
A,b,5,6,31.57142857,2.4715,16.7052,48.25,10.9333,2.9806
A,b,5,7,31.57142857,2.4579,14.434,62.95,9.7438,2.8218
A,b,5,8,31.57142857,2.4609,5.2593,27.77,4.3254,2.5356
A,b,5,9,31.57142857,2.4646,5.9934,31.7,4.6334,2.5239
A,b,5,10,31.57142857,2.5043,5.6229,32.06,4.4897,2.5516
A,r,1,1,31.85714286,2.5383,29.2029,62.02,19.3131,4.3218
A,r,1,2,31.85714286,2.6128,25.3757,62.22,16.8078,4.0743
A,r,1,3,31.85714286,2.7482,32.025,71.84,21.0549,4.8093
A,r,1,4,31.85714286,2.6553,29.2258,67.87,18.2619,4.2414
A,r,1,5,31.85714286,2.5663,20.6,59.2,14.3544,3.6143
A,r,1,6,31.85714286,2.4737,36.1977,73.62,21.1189,4.2771
A,r,1,7,31.85714286,2.4895,32.6457,70.43,20.7927,4.4868
A,r,1,8,31.85714286,2.6098,27.6163,54.95,17.8567,3.9641
A,r,1,9,31.85714286,2.4654,34.0135,68.87,20.9438,4.3958
A,r,1,10,31.85714286,2.4987,29.7107,63.35,20.0848,4.2877
A,r,2,1,31.85714286,2.6832,21.8754,57.46,15.4867,3.8268
A,r,2,2,31.85714286,2.539,25.7815,56.29,17.047,3.9982
A,r,2,3,31.85714286,2.5372,20.4772,60.75,14.2644,3.8424
A,r,2,4,31.85714286,2.4729,26.4844,65.79,17.3308,3.9963
A,r,2,5,31.85714286,2.5346,35.046,70.98,20.0524,3.9655
A,r,2,6,31.85714286,2.5184,29.5505,64.7,21.2863,4.4578
A,r,2,7,31.85714286,2.613,28.8203,61.33,19.5275,4.2088
A,r,2,8,31.85714286,2.5237,31.5208,60.74,19.0401,4.3038
A,r,2,9,31.85714286,2.6013,28.2745,65.17,18.0308,4.3514
A,r,2,10,31.85714286,2.6668,26.1782,63.53,16.6798,3.8718
A,r,3,1,31.85714286,2.6097,29.8998,57.51,17.6033,4.0484
A,r,3,2,31.85714286,2.7336,30.4253,74.84,18.8279,4.3848
A,r,3,3,31.85714286,2.7334,23.5076,61.83,14.7107,3.8587
A,r,3,4,31.85714286,2.5514,30.5311,64.55,17.8915,4.3728
A,r,3,5,31.85714286,2.52,21.5063,46.88,14.1012,3.6103
A,r,3,6,31.85714286,2.5043,31.4137,83.61,19.7868,4.1873
A,r,3,7,31.85714286,2.6437,33.6115,67.87,17.4281,4.5519
A,r,3,8,31.85714286,2.5305,34.84,80.39,20.2844,4.7016
A,r,3,9,31.85714286,2.5408,26.4094,66.58,18.0552,4.492
A,r,3,10,31.85714286,2.6321,31.6852,72.13,19.5688,4.4895
A,r,4,1,31.85714286,2.5467,20.893,63.41,12.796,3.5132
A,r,4,2,31.85714286,2.5245,25.4635,71.63,17.6992,3.7545
A,r,4,3,31.85714286,2.551,28.7265,74.78,19.6813,4.4773
A,r,4,4,31.85714286,2.4895,29.4797,66.66,20.08,4.1992
A,r,4,5,31.85714286,2.5275,27.5251,62.57,15.7789,3.8712
A,r,4,6,31.85714286,2.6503,26.8367,59.88,17.7112,3.7599
A,r,4,7,31.85714286,2.4819,32.7215,76.32,18.0695,4.1793
A,r,4,8,31.85714286,2.5121,28.9229,55.22,17.3016,3.7186
A,r,4,9,31.85714286,2.5134,19.3223,64.44,12.604,3.4682
A,r,4,10,31.85714286,2.4742,19.1267,52,12.6341,3.4021
A,r,5,1,31.85714286,2.5702,31.5792,81.76,20.0193,4.6505
A,r,5,2,31.85714286,2.5132,46.1239,77.27,29.8261,5.261
A,r,5,3,31.85714286,2.4994,34.6934,72.08,19.7606,4.8279
A,r,5,4,31.85714286,2.5855,37.1902,85.85,22.2744,4.6224
A,r,5,5,31.85714286,2.4381,38.8706,72.81,22.6784,4.8669
A,r,5,6,31.85714286,2.6557,26.0976,50.28,16.2756,3.737
A,r,5,7,31.85714286,2.5082,16.8895,53.77,10.9781,3.3893
A,r,5,8,31.85714286,2.5094,27.8038,71.87,17.8741,2.9466
A,r,5,9,31.85714286,2.6805,17.0195,49.11,11.981,3.5099
A,r,5,10,31.85714286,2.4854,22.75,63.53,15.2448,3.7266
B,b,1,1,31.85714286,2.5044,8.0912,39.66,5.8356,2.5914
B,b,1,2,31.85714286,2.5504,12.0141,41.79,7.7336,2.7901
B,b,1,3,31.85714286,2.4965,16.5419,60.64,9.9945,2.791
B,b,1,4,31.85714286,2.5124,14.2292,49.53,9.8058,2.7806
B,b,1,5,31.85714286,2.4697,16.1553,50.24,10.3087,2.7095
B,b,1,6,31.85714286,2.4873,12.2761,48.26,8.7319,2.6603
B,b,1,7,31.85714286,2.4574,21.8063,63.92,12.8345,2.8624
B,b,1,8,31.85714286,2.4821,14.6337,57.73,10.3674,2.7501
B,b,1,9,31.85714286,2.4922,16.4823,51.73,10.8491,2.8232
B,b,1,10,31.85714286,2.5435,18.9884,72.13,11.4646,2.9931
B,b,2,1,31.85714286,2.5516,15.9396,50.74,10.3358,2.8544
B,b,2,2,31.85714286,2.4559,17.7539,54.64,10.8123,2.7287
B,b,2,3,31.85714286,2.5053,19.9974,67.8,12.73,3.0425
B,b,2,4,31.85714286,2.4652,10.6605,47.84,7.5728,2.6829
B,b,2,5,31.85714286,2.4602,19.998,61.51,12.8393,2.9719
B,b,2,6,31.85714286,2.4899,19.2679,67.23,12.0575,2.9215
B,b,2,7,31.85714286,2.5208,9.0146,43.28,6.4023,2.6774
B,b,2,8,31.85714286,2.4991,9.9376,52.72,7.1328,2.6904
B,b,2,9,31.85714286,2.496,10.5164,43.12,7.5397,2.6411
B,b,2,10,31.85714286,2.4959,20.258,58.02,12.9374,3.0079
B,b,3,1,31.85714286,2.534,29.294,71.67,17.4983,3.326
B,b,3,2,31.85714286,2.5395,23.8501,72.83,13.3934,3.2776
B,b,3,3,31.85714286,2.4877,17.7625,61.53,10.6417,2.8948
B,b,3,4,31.85714286,2.5827,33.5015,80.03,20.5008,3.493
B,b,3,5,31.85714286,2.5463,23.7897,72.43,13.4732,2.9955
B,b,3,6,31.85714286,2.4447,26.3112,62.83,15.9197,3.1441
B,b,3,7,31.85714286,2.5301,27.8072,64.64,16.8906,3.1378
B,b,3,8,31.85714286,2.43,17.0463,58.07,10.9033,2.7663
B,b,3,9,31.85714286,2.4601,15.209,61.64,9.95,2.702
B,b,3,10,31.85714286,2.4192,17.0392,58.43,11.1106,2.6979
B,b,4,1,31.85714286,2.4869,23.4255,75.16,13.518,3.1397
B,b,4,2,31.85714286,2.5532,9.9534,49.18,6.657,2.6959
B,b,4,3,31.85714286,2.4632,25.1995,69.98,15.8951,3.0231
B,b,4,4,31.85714286,2.4673,8.0783,38.95,6.2064,2.5828
B,b,4,5,31.85714286,2.4899,19.7459,58.92,13.0686,2.9494
B,b,4,6,31.85714286,2.5063,21.4466,61.24,12.6791,3.0181
B,b,4,7,31.85714286,2.4708,15.138,46.27,9.5574,2.8114
B,b,4,8,31.85714286,2.5635,19.3987,61.13,11.6057,3.0461
B,b,4,9,31.85714286,2.5417,8.9581,49.03,6.7696,2.6693
B,b,4,10,31.85714286,2.5485,26.5655,73.76,15.971,3.2723
B,b,5,1,31.85714286,2.5062,15.5658,54.16,10.1443,2.7862
B,b,5,2,31.85714286,2.4474,28.0155,59.83,15.302,3.2671
B,b,5,3,31.85714286,2.5052,17.0763,58.46,10.4332,2.8067
B,b,5,4,31.85714286,2.5128,20.1313,62.33,12.8391,2.9539
B,b,5,5,31.85714286,2.4605,15.6545,50.64,9.6888,2.7505
B,b,5,6,31.85714286,2.4584,7.0659,32.05,5.1557,2.5395
B,b,5,7,31.85714286,2.4247,10.5148,44.2,7.1091,2.6089
B,b,5,8,31.85714286,2.4556,6.8904,37.18,5.2411,2.5515
B,b,5,9,31.85714286,2.5053,6.9588,34.02,5.0158,2.5966
B,b,5,10,31.85714286,2.4662,10.6022,44.1,7.0019,2.5719
B,r,2,1,31.71428571,2.4588,46.195,90.31,17.1134,4.9708
B,r,2,2,31.71428571,2.4889,44.3753,82.5,28.173,5.2532
B,r,2,3,31.71428571,2.5207,46.228,77.77,26.0646,5.7195
B,r,2,4,31.71428571,2.5321,34.5059,65.12,20.2017,4.2509
B,r,2,5,31.71428571,2.5279,24.5525,55.96,14.4815,3.8075
B,r,2,6,31.71428571,2.5067,36.1734,78.48,22.6128,4.6947
B,r,2,7,31.71428571,2.5765,40.9138,55.02,24.1329,5.4411
B,r,2,8,31.71428571,2.4843,83.8402,122.62,44.0347,8.2021
B,r,2,9,31.71428571,2.574,44.9041,71.3,25.2346,5.3057
B,r,2,10,31.71428571,2.4978,25.2279,68.82,14.6081,3.7679
B,r,4,1,31.71428571,2.4897,36.3187,64.72,21.8701,4.3325
B,r,4,2,31.71428571,2.4669,57.414,96.22,28.6422,5.8379
B,r,4,3,31.71428571,2.63,31.9131,73.91,19.5027,4.3001
B,r,4,4,31.71428571,2.563,39.1256,86.74,19.6614,4.3681
B,r,4,5,31.71428571,2.447,58.1898,99.25,19.1742,4.386
B,r,4,6,31.71428571,2.5008,25.716,64.26,30.4982,5.4612
B,r,4,7,31.71428571,2.5876,24.0251,60,15.4881,3.5704
B,r,4,8,31.71428571,2.498,33.8349,57.8,15.8619,3.8256
B,r,4,9,31.71428571,2.7321,39.6267,70.48,19.1838,4.5157
B,r,4,10,31.71428571,2.6574,33.5726,56.71,23.5784,4.542
D,b,1,1,31,2.4716,25.3408,58.06,15.4669,3.2635
D,b,1,2,31,2.4559,27.4693,69.83,15.2363,3.2242
D,b,1,3,31,2.4516,36.0336,68.49,22.8585,4.0533
D,b,1,4,31,2.4599,31.4448,70.35,18.8295,3.8724
D,b,1,5,31,2.4507,37.6815,73.98,21.7395,3.9435
D,b,1,6,31,2.4868,17.757,66.87,10.3776,2.774
D,b,1,7,31,2.471,40.3587,83.37,21.5274,3.6401
D,b,1,8,31,2.5052,42.9303,80.8,22.211,3.5757
D,b,1,9,31,2.5399,35.605,74.58,20.3508,3.83
D,b,1,10,31,2.4831,52.9028,73.99,29.4061,4.7106
D,b,2,1,31,2.4741,26.3047,68.75,15.2628,3.3352
D,b,2,2,31,2.4565,32.0846,68.59,18.7087,3.5651
D,b,2,3,31,2.4826,30.6729,63.59,18.0954,3.4479
D,b,2,4,31,2.4242,30.2599,64.19,19.1868,3.7571
D,b,2,5,31,2.5308,24.2807,58.19,15.3277,3.5287
D,b,2,6,31,2.4785,22.6587,51.4,17.7852,3.5436
D,b,2,7,31,2.4952,17.5877,63.15,12.5302,3.0757
D,b,2,8,31,2.4785,25.8595,73.29,16.0009,3.4729
D,b,2,9,31,2.4986,21.6549,61.18,10.8066,3.0215
D,b,2,10,31,2.498,33.6217,78.53,13.5673,3.1326
D,b,3,1,31,2.5988,24.5518,51.24,14.2313,3.3212
D,b,3,2,31,2.6116,35.0938,59.87,21.5438,3.84
D,b,3,3,31,2.5669,30.8947,86.3,18.6288,3.8511
D,b,3,4,31,2.4971,27.3083,66.1,15.6798,3.3014
D,b,3,5,31,2.5143,15.6813,53.46,9.1382,2.9855
D,b,3,6,31,2.4925,16.5575,70.47,9.705,2.8465
D,b,3,7,31,2.4689,17.7598,66.85,9.9926,2.9051
D,b,3,8,31,2.4578,21.6378,70.37,11.9092,3.0876
D,b,3,9,31,2.4718,34.0687,67.33,18.6136,3.5666
D,b,3,10,31,2.4557,24.4141,73.08,14.0531,3.1088
D,b,4,1,31,2.5448,10.3938,63.2,7.6636,2.7338
D,b,4,2,31,2.5011,12.0208,70.47,7.3499,2.7047
D,b,4,3,31,2.4702,36.0288,46.71,21.4287,3.4422
D,b,4,4,31,2.5051,21.3026,57.09,11.8705,2.9775
D,b,4,5,31,2.4859,47.4058,54.39,25.9317,3.7593
D,b,4,6,31,2.4915,41.7901,93.35,21.1044,3.7058
D,b,4,7,31,2.5239,41.6673,67.62,25.5588,3.9766
D,b,4,8,31,2.4785,21.1454,70.47,13.3491,2.9297
D,b,4,9,31,2.5026,33.0364,64.72,9.4981,2.961
D,b,4,10,31,2.4604,16.112,58.08,19.0733,3.512
D,b,5,1,31,2.5152,20.2352,60.1,12.0788,3.0294
D,b,5,2,31,2.4585,15.3241,63.49,9.9012,2.7916
D,b,5,3,31,2.5116,30.6564,75.97,19.1253,3.3375
D,b,5,4,31,2.4944,33.5904,80.53,19.5938,3.4598
D,b,5,5,31,2.4988,43.5458,68.96,25.193,4.435
D,b,5,6,31,2.4657,32.0747,75.92,17.3043,3.4293
D,b,5,7,31,2.447,16.3324,50.04,9.6266,2.8377
D,b,5,8,31,2.4805,38.8563,69.3,24.2811,4.0091
D,b,5,9,31,2.4769,36.2074,71.01,21.306,3.9261
D,b,5,10,31,2.4271,7.7947,40.26,5.6102,2.609
D,r,1,1,31.14285714,2.4926,34.7311,65.92,19.6562,3.8287
D,r,1,2,31.14285714,2.6418,26.0252,59.36,14.8553,4.0436
D,r,1,3,31.14285714,2.4958,50.2432,69.1,20.9857,4.5585
D,r,1,4,31.14285714,2.544,39.8921,63.36,26.9802,4.7669
D,r,1,5,31.14285714,2.5072,29.941,53.21,16.1235,4.4151
D,r,1,6,31.14285714,2.4387,51.3481,87.99,28.8379,5.5411
D,r,1,7,31.14285714,2.5004,43.2171,87.66,23.7304,4.6701
D,r,1,8,31.14285714,2.4948,46.3521,66.98,23.9744,4.8469
D,r,1,9,31.14285714,2.5063,29.9236,56.84,17.2341,4.4043
D,r,1,10,31.14285714,2.436,37.0442,78.24,18.0674,4.2585
D,r,2,1,31.14285714,2.5056,17.6106,47.7,9.7363,3.2315
D,r,2,2,31.14285714,2.5407,59.0579,65.45,27.3949,5.0662
D,r,2,3,31.14285714,2.4694,21.6132,55.04,12.4698,3.635
D,r,2,4,31.14285714,2.4709,18.7575,47.72,11.0603,3.1486
D,r,2,5,31.14285714,2.4501,25.469,65.93,13.9755,3.7706
D,r,2,6,31.14285714,2.4701,48.2575,79.35,23.7958,4.6398
D,r,2,7,31.14285714,2.4568,37.4689,73.98,20.39267,4.4406
D,r,2,8,31.14285714,2.4569,40.7898,82.64,20.7739,4.2862
D,r,2,9,31.14285714,2.4706,20.0178,51.97,11.5971,3.2952
D,r,2,10,31.14285714,2.443,33.811,74.32,18.3898,3.8652
D,r,3,1,31.14285714,2.4577,21.8968,62.94,12.2234,3.5348
D,r,3,2,31.14285714,2.5023,17.9167,48.15,11.0566,3.3926
D,r,3,3,31.14285714,2.443,22.0106,52.48,11.7408,3.2143
D,r,3,4,31.14285714,2.5236,19.1696,53.88,11.9298,3.4884
D,r,3,5,31.14285714,2.5078,17.2794,68.34,11.1811,3.119
D,r,3,6,31.14285714,2.4828,24.0478,51.05,13.897,3.6464
D,r,3,7,31.14285714,2.4651,50.3987,94.03,27.0219,5.1498
D,r,3,8,31.14285714,2.4552,46.5788,73.25,24.8528,5.0181
D,r,3,9,31.14285714,2.4788,29.6174,60.67,16.5692,3.5639
D,r,3,10,31.14285714,2.4496,49.2639,79.23,25.1677,4.8824
D,r,3,11,31.14285714,2.4711,33.9563,69.94,19.8526,4.1531
D,r,4,1,31.14285714,2.5161,28.9056,62.85,16.3859,4.0148
D,r,4,2,31.14285714,2.5261,30.1906,57.78,16.7285,3.8812
D,r,4,3,31.14285714,2.5957,41.4665,80.33,22.7745,5.0252
D,r,4,4,31.14285714,2.4488,32.3581,65.69,17.5055,3.6911
D,r,4,5,31.14285714,2.4997,25.1021,70.5,13.1793,3.3132
D,r,4,6,31.14285714,2.4948,23.8972,62.32,13.2355,3.6686
D,r,4,7,31.14285714,2.5207,22.2815,58.16,13.2405,3.7638
D,r,4,8,31.14285714,2.5016,40.2208,73.74,19.5077,4.1121
D,r,4,9,31.14285714,2.5208,52.6658,83.46,29.4133,5.124
D,r,4,10,31.14285714,2.5421,25.6415,59.38,13.3037,3.7829
D,r,5,1,31.14285714,2.5588,24.7115,62.03,13.1272,3.7211
D,r,5,2,31.14285714,2.5128,20.1987,60.02,11.2002,3.0668
D,r,5,3,31.14285714,2.4334,22.4617,57.16,13.2563,3.6968
D,r,5,4,31.14285714,2.4883,39.4906,68.44,19.92,4.5618
D,r,5,5,31.14285714,2.524,28.1643,54.03,15.071,3.5073
D,r,5,6,31.14285714,2.5098,32.9997,56.52,19.1901,4.2653
D,r,5,7,31.14285714,2.5249,43.9568,74.25,21.705,4.5844
D,r,5,8,31.14285714,2.5619,27.5292,68.95,16.097,3.8938
D,r,5,9,31.14285714,2.4958,16.7265,53.51,10.347,2.9224
D,r,5,10,31.14285714,2.537,40.6436,69.95,21.7276,4.4405
E,r,1,1,31.14285714,2.4876,46.323,89.28,26.874,5.0119
E,r,1,2,31.14285714,2.495,34.9931,60.71,18.5366,4.2857
E,r,1,3,31.14285714,2.5109,52.8752,68.8,25.8169,5.4808
E,r,1,4,31.14285714,2.5316,32.7415,59.93,17.3696,4.3986
E,r,1,5,31.14285714,2.4788,29.3087,68.51,15.2523,4.0601
E,r,1,6,31.14285714,2.3895,36.6843,67.09,20.2605,4.117
E,r,1,7,31.14285714,2.4853,35.3161,57.85,21.8609,4.653
E,r,1,8,31.14285714,2.4871,26.3855,58.54,15.2538,3.698
E,r,1,9,31.14285714,2.4898,24.2715,64.19,13.5019,3.4354
E,r,1,10,31.14285714,2.4927,43.3603,68.19,27.908,4.8752
E,r,2,1,31.14285714,2.4875,37.1143,55.34,21.4626,4.9449
E,r,2,2,31.14285714,2.5765,36.4274,60.14,18.3129,4.2054
E,r,2,3,31.14285714,2.5084,16.3336,58.34,10.4976,3.3904
E,r,2,4,31.14285714,2.4822,54.4894,89.34,28.0725,5.6599
E,r,2,5,31.14285714,2.5601,53.3708,73.74,27.2677,5.9199
E,r,2,6,31.14285714,2.5024,44.4095,68.67,23.0402,5.1393
E,r,2,7,31.14285714,2.4815,37.1463,66.19,21.0795,4.8137
E,r,2,8,31.14285714,2.5167,34.9416,65.6,18.624,4.2173
E,r,2,9,31.14285714,2.4811,52.3991,82.93,30.1453,6.0354
E,r,2,10,31.14285714,2.4826,21.3253,62.99,12.8899,3.6059
E,r,3,1,31.14285714,2.4916,49.2312,76.52,26.8907,4.7669
E,r,3,2,31.14285714,2.521,38.4897,71.77,21.8951,4.7256
E,r,3,3,31.14285714,2.4543,31.4566,69.85,19.7893,4.3839
E,r,3,4,31.14285714,2.4876,43.3172,75.53,26.8246,5.515
E,r,3,5,31.14285714,2.5102,24.6824,47.17,14.4162,3.7609
E,r,3,6,31.14285714,2.4799,48.5192,75.64,25.1408,4.7072
E,r,3,7,31.14285714,2.5187,41.7945,64.62,24.6533,5.4218
E,r,3,8,31.14285714,2.4925,28.8573,56.07,17.8828,4.0838
E,r,3,9,31.14285714,2.4711,49.1611,71.89,29.6802,5.7776
E,r,3,10,31.14285714,2.5719,45.3258,74.67,24.2857,5.1077
E,r,4,1,31.14285714,2.555,51.9137,66.54,27.253,5.8963
E,r,4,2,31.14285714,2.4885,48.3972,75.66,26.3693,6.1971
E,r,4,3,31.14285714,2.5089,34.7219,69.28,18.7524,4.219
E,r,4,4,31.14285714,2.4855,26.8451,70.1,16.5384,3.5818
E,r,4,5,31.14285714,2.4798,37.6281,78.09,22.5803,4.8653
E,r,4,6,31.14285714,2.4648,35.8327,86.64,23.741,4.9332
E,r,4,7,31.14285714,2.4495,33.6927,68.5,19.1015,3.9992
E,r,4,8,31.14285714,2.451,44.6357,74.56,23.8132,4.9304
E,r,4,9,31.14285714,2.4639,45.191,63.97,22.6766,4.8659
E,r,4,10,31.14285714,2.4276,29.973,58.59,16.9428,3.7278
E,r,5,1,31.14285714,2.5354,33.5897,58.56,19.0714,4.4956
E,r,5,2,31.14285714,2.5381,50.8891,76.66,27.7741,5.9438
E,r,5,3,31.14285714,2.4628,71.9808,89.88,38.3774,6.9553
E,r,5,4,31.14285714,2.4653,37.3708,71.23,20.0381,4.7439
E,r,5,5,31.14285714,2.5952,28.7184,72.48,16.3729,3.89668
E,r,5,6,31.14285714,2.486,22.2239,53.93,13.372,3.8088
E,r,5,7,31.14285714,2.5198,20.9358,48.55,12.5142,3.5602
E,r,5,8,31.14285714,2.55,21.8285,49.54,12.4777,3.404
E,r,5,9,31.14285714,2.5382,52.664,79.57,27.5425,4.8775
E,r,5,10,31.14285714,2.4712,38.5026,64.91,23.2958,4.8951
C,b,1,2,31.28571429,2.4622,18.7267,57.29,10.5163,2.8306
C,b,1,3,31.28571429,2.5844,21.3591,59.89,10.8304,2.8074
C,b,1,4,31.28571429,2.4727,19.7298,54.52,12.3608,3.3472
C,b,1,5,31.28571429,2.513,22.1748,76.54,13.2829,3.0631
C,b,1,6,31.28571429,2.4981,32.2676,70.33,14.8972,3.0863
C,b,1,7,31.28571429,2.4931,20.2127,66.28,12.4967,2.833
C,b,1,8,31.28571429,2.5247,33.2021,73.18,18.9232,3.5324
C,b,1,9,31.28571429,2.4664,23.3963,66.74,15.1067,3.1008
C,b,1,10,31.28571429,2.5584,39.6944,80.42,20.7795,3.6906
C,b,2,1,31.28571429,2.5723,37.0288,79.49,23.3447,3.7402
C,b,2,2,31.28571429,2.5728,14.1061,52.96,8.7192,2.7404
C,b,2,3,31.28571429,2.4761,28.763,80.15,16.9457,3.1577
C,b,2,4,31.28571429,2.4737,42.5404,77.41,23.7578,3.7287
C,b,2,5,31.28571429,2.4956,39.2205,87.31,21.0201,3.4096
C,b,2,6,31.28571429,2.4741,20.0891,68.22,11.9528,2.9009
C,b,2,7,31.28571429,2.5489,29.147,77.44,17.3901,3.4593
C,b,2,8,31.28571429,2.506,41.9979,81.23,23.1672,3.4011
C,b,2,9,31.28571429,2.5287,33.3617,78.52,19.6867,3.5872
C,b,2,10,31.28571429,2.5219,10.4659,44.33,6.829,2.6316
C,b,3,1,31.28571429,2.5299,32.2499,88.3,18.6919,3.6391
C,b,3,2,31.28571429,2.4622,25.6079,66.56,14.5087,3.0946
C,b,3,3,31.28571429,2.4457,15.3323,61.72,11.339,2.779
C,b,3,4,31.28571429,2.4452,6.7425,35.41,4.9553,2.513
C,b,3,5,31.28571429,2.4767,21.0289,51.32,12.3641,2.9097
C,b,3,6,31.28571429,2.5323,34.0408,90.82,18.9392,3.3339
C,b,3,7,31.28571429,2.4881,22.4213,55.19,14.0093,2.8647
C,b,3,8,31.28571429,2.5929,41.1575,83.21,22.355,3.87
C,b,3,9,31.28571429,2.5901,28.5315,83.93,17.7146,3.4366
C,b,3,10,31.28571429,2.4739,28.2352,79.59,18.6868,3.3051
C,b,4,1,31.28571429,2.4921,7.3513,39.05,5.2127,2.5821
C,b,4,2,31.28571429,2.4708,11.6492,44.77,7.4465,2.6606
C,b,4,3,31.28571429,2.5034,13.7723,55.38,8.2287,2.7133
C,b,4,4,31.28571429,2.4746,30.7547,83.37,17.314,3.018
C,b,4,5,31.28571429,2.51,17.7859,57.99,11.0884,2.8087
C,b,4,6,31.28571429,2.5225,10.6096,46.06,6.8883,2.6724
C,b,4,7,31.28571429,2.4674,20.8811,64.71,13.3083,2.7679
C,b,4,8,31.28571429,2.4654,14.1162,43.41,9.2316,2.7137
C,b,4,9,31.28571429,2.5021,21.6199,68.71,12.9296,2.9137
C,b,5,1,31.28571429,2.5321,20.0778,65.27,12.3337,3.0342
C,b,5,2,31.28571429,2.4816,14.4558,59.11,8.9425,2.7067
C,b,5,3,31.28571429,2.4969,23.9497,54.82,14.9088,3.0572
C,b,5,4,31.28571429,2.4943,15.3906,53.01,9.717,2.8658
C,b,5,5,31.28571429,2.5466,22.6237,71.27,13.6591,2.8773
C,b,5,6,31.28571429,2.5314,4.1889,25.77,3.5338,2.5746
C,b,5,7,31.28571429,2.4999,17.678,66.53,10.4728,2.863
C,b,5,8,31.28571429,2.5235,8.9456,44.52,6.3414,2.655
C,b,5,9,31.28571429,2.4609,9.5922,40.94,6.8178,2.6192
C,b,5,10,31.28571429,2.4758,4.6066,29.21,3.7824,2.5302
C,r,1,1,31.42857143,2.5507,51.5322,69.42,26.0863,5.7319
C,r,1,2,31.42857143,2.4777,47.1608,86.72,24.3419,5.1168
C,r,1,3,31.42857143,2.4639,62.9263,76.26,33.2424,6.6857
C,r,1,4,31.42857143,2.4936,70.4076,99.98,34.2792,6.9285
C,r,1,5,31.42857143,2.4722,46.9841,83.6,27.2172,4.6516
C,r,1,6,31.42857143,2.5034,37.7364,62.65,20.6454,4.5771
C,r,1,7,31.42857143,2.5364,39.6943,73.35,24.3088,4.714
C,r,1,8,31.42857143,2.53,22.6564,57.79,13.225,3.3989
C,r,1,9,31.42857143,2.5504,44.3991,79.61,25.0987,5.2868
C,r,1,10,31.42857143,2.5522,52.6922,85.98,31.1882,5.5523
C,r,2,1,31.42857143,2.5646,31.7958,78.41,18.8561,4.0712
C,r,2,2,31.42857143,2.4806,32.4647,63.06,18.7011,4.1678
C,r,2,3,31.42857143,2.5658,19.9444,50.34,13.2725,3.4854
C,r,2,4,31.42857143,2.533,25.9737,75.24,15.3377,3.7353
C,r,2,5,31.42857143,2.4895,28.9583,71.31,17.1773,3.5722
C,r,2,6,31.42857143,2.5931,78.0422,93.82,39.4927,8.9192
C,r,2,7,31.42857143,2.5587,37.2467,79.73,23.2131,5.6716
C,r,2,8,31.42857143,2.5066,78.0102,103.59,39.7594,7.6541
C,r,2,9,31.42857143,2.5548,29.6748,88.7,18.3062,3.9672
C,r,2,10,31.42857143,2.5595,38.05,75.96,20.0193,4.7126
C,r,4,1,31.42857143,2.4953,32.5745,61.82,19.4079,4.1609
C,r,4,2,31.42857143,2.506,25.258,66.25,14.8147,3.5548
C,r,4,3,31.42857143,2.5222,36.0303,67.76,21.5285,4.1468
C,r,4,4,31.42857143,2.6393,18.5966,54.33,11.7906,3.3274
C,r,4,5,31.42857143,2.6054,29.9524,77.12,15.1002,3.6348
C,r,4,6,31.42857143,2.4749,36.8565,76.53,23.0386,4.5807
C,r,4,7,31.42857143,2.4298,38.8383,96.54,20.4988,4.179
C,r,4,8,31.42857143,2.4978,50.586,96.26,28.4446,5.6463
C,r,4,9,31.42857143,2.5173,39.7527,82.9,24.5439,5.144
C,r,4,10,31.42857143,2.4587,30.3006,67.56,16.274,3.9013